list-comprehension,https://stackoverflow.com/questions/28581218/speed-efficiency-comparison-for-loop-vs-list-comprehension-vs-other-methods
list-comprehension,https://stackoverflow.com/questions/30245397/why-is-a-list-comprehension-so-much-faster-than-appending-to-a-list
list-comprehension,https://stackoverflow.com/questions/22108488/are-list-comprehensions-and-functional-functions-faster-than-for-loops
list-comprehension,https://stackoverflow.com/questions/27905965/python-why-is-list-comprehension-slower-than-for-loop
list-comprehension,https://stackoverflow.com/questions/65445377/python-list-comprehension-performance
list-comprehension,https://stackoverflow.com/questions/51105841/faster-python-list-comprehension
list-comprehension,https://stackoverflow.com/questions/29356846/python-list-vs-list-comprehension-building-speed
list-comprehension,https://stackoverflow.com/questions/19273256/how-to-speed-up-list-comprehension
list-comprehension,https://stackoverflow.com/questions/63529393/is-there-a-way-to-speed-up-this-list-comprehension
list-comprehension,https://stackoverflow.com/questions/58868056/strange-performance-results-loop-vs-list-comprehension-and-zip
list-comprehension,https://stackoverflow.com/questions/55129063/is-it-more-efficient-to-use-list-comprehension-or-nested-loops
list-comprehension,https://stackoverflow.com/questions/64533664/speed-up-list-comprehension-alternative
list-comprehension,https://stackoverflow.com/questions/71145578/ways-to-speed-up-this-list-comprehension
list-comprehension,https://stackoverflow.com/questions/57172063/is-there-a-way-to-write-this-list-comprehension-faster
list-comprehension,https://stackoverflow.com/questions/16907109/python-list-comprehension-vs-for
list-comprehension,https://stackoverflow.com/questions/39045396/where-does-the-performance-boost-of-map-or-list-comprehension-implementations-ov
list-comprehension,https://stackoverflow.com/questions/39518899/comparing-list-comprehensions-and-explicit-loops-3-array-generators-faster-than
list-comprehension,https://stackoverflow.com/questions/31343643/why-list-comprehension-can-be-faster-than-map-in-python
list-comprehension,https://stackoverflow.com/questions/38941643/how-does-list-comprehension-exactly-work-in-python
list-comprehension,https://stackoverflow.com/questions/59625860/python-why-is-this-list-comprehension-5000-times-slower-than-the-equivalent-for
list-comprehension,https://stackoverflow.com/questions/67156942/python3-which-one-will-be-faster-to-execute-pop-in-sequence-or-in-list-compr
list-comprehension,https://stackoverflow.com/questions/65267861/is-there-a-way-to-optimize-my-list-comprehension-for-better-performance-it-is-s
list-comprehension,https://stackoverflow.com/questions/42140793/python-list-comprehension-faster-alternative
list-comprehension,https://stackoverflow.com/questions/71282595/how-to-make-list-comprehension-faster
list-comprehension,https://stackoverflow.com/questions/16307326/why-this-list-comprehension-is-faster-than-equivalent-generator-expression
list-comprehension,https://stackoverflow.com/questions/34079231/python-dict-list-comprehension-why-is-it-slower-than-for-loop
list-comprehension,https://stackoverflow.com/questions/50776263/python-list-comprehension-too-slow
set-comprehension,https://stackoverflow.com/questions/53720541/set-comprehension-vs-for-loop-vs-set-difference
set-comprehension,https://stackoverflow.com/questions/38558834/use-list-set-comprehension-merely-as-a-for-loop
set-comprehension,https://stackoverflow.com/questions/73318244/how-to-speed-up-reading-scanning-mass-files-for-an-exact-keyword-match
set-comprehension,https://stackoverflow.com/questions/52964608/quicker-way-to-check-whether-a-word-is-english-by-comparing-it-against-a-white
set-comprehension,https://stackoverflow.com/questions/51389795/python-finding-a-common-sublist-of-a-given-length-present-in-two-lists
set-comprehension,https://stackoverflow.com/questions/45117176/can-this-function-be-optimized-for-speed
set-comprehension,https://stackoverflow.com/questions/53977997/python-performance-comparison-for-creating-sets-set-vs-literal
set-comprehension,https://stackoverflow.com/questions/1975250/when-should-i-use-a-map-instead-of-a-for-loop
set-comprehension,https://stackoverflow.com/questions/20496536/how-do-python-set-comprehensions-work/20497109#20497109
set-comprehension,https://stackoverflow.com/questions/39561830/usefulness-of-one-line-statements-in-python/39561896#39561896
set-comprehension,https://stackoverflow.com/questions/51546856/why-is-a-set-comprehension-slower-than-set-with-a-list-comprehension
dict-comprehension,https://stackoverflow.com/questions/59615835/how-can-i-improve-performance-of-nested-comprehension
dict-comprehension,https://stackoverflow.com/questions/68800518/how-to-generate-nested-dictionary-faster-than-with-loops
dict-comprehension,https://stackoverflow.com/questions/52650583/fastest-way-to-generate-a-dict-from-list-where-key-value
dict-comprehension,https://stackoverflow.com/questions/58292852/what-are-the-true-time-complexities-of-working-with-sets-dicts
dict-comprehension,https://stackoverflow.com/questions/11903325/python-dictionary-comprehension-very-slow
dict-comprehension,https://stackoverflow.com/questions/50493838/fastest-way-to-sort-a-python-3-7-dictionary
dict-comprehension,https://stackoverflow.com/questions/26386773/performance-considerations-when-populating-lists-vs-dictionaries
dict-comprehension,https://stackoverflow.com/questions/70572868/is-there-a-better-way-than-a-while-loop-to-perform-this-function
dict-comprehension,https://stackoverflow.com/questions/42672276/replacing-nested-for-loops-and-value-assignment-for-list-comprehension
dict-comprehension,https://stackoverflow.com/questions/69298180/how-to-extact-elements-from-dictionary-of-lists-efficiently
dict-comprehension,https://stackoverflow.com/questions/4295799/how-to-improve-performance-of-this-code
dict-comprehension,https://stackoverflow.com/questions/34407128/fastest-way-to-accumulate-weighted-counts-from-multiple-collections-counter-obje
dict-comprehension,https://stackoverflow.com/questions/54492158/how-to-efficiently-search-for-a-list-of-strings-in-another-list-of-strings-using
dict-comprehension,https://stackoverflow.com/questions/63093605/creating-a-dict-of-empty-sets-through-a-loop-then-filling-those-sets-using-anot
dict-comprehension,https://stackoverflow.com/questions/52542742/why-is-this-loop-faster-than-a-dictionary-comprehension-for-creating-a-dictionar
chain-comparison,https://stackoverflow.com/questions/48375753/why-are-chained-operator-expressions-slower-than-their-expanded-equivalent
chain-comparison,https://stackoverflow.com/questions/58601291/which-one-is-the-better-way-to-compare-numbers-in-python-and-why?noredirect=1&lq=1
chain-comparison,https://stackoverflow.com/questions/58601291/which-one-is-the-better-way-to-compare-numbers-in-python-and-why?noredirect=1&lq=1
chain-comparison,https://stackoverflow.com/questions/16614198/python-code-efficiency/16614400#16614400
chain-comparison,https://stackoverflow.com/questions/43749134/shorthand-for-and-or-in-python-if-statements/43749180#43749180
chain-comparison,https://stackoverflow.com/questions/34014906/is-x-y-z-faster-than-x-y-and-y-z?noredirect=1&lq=1
truth-value-test,https://stackoverflow.com/questions/51691149/var-false-or-if-not-var/51691171#51691171
truth-value-test,https://stackoverflow.com/questions/67747896/why-is-if-x-significantly-faster-than-if-x0-conways-game-of-life/67748136#67748136
truth-value-test,https://stackoverflow.com/questions/53513/how-do-i-check-if-a-list-is-empty/45778282#45778282
truth-value-test,https://stackoverflow.com/questions/33791271/is-there-a-considerable-difference-between-comparing-a-number-to-zero-with
truth-value-test,https://stackoverflow.com/questions/1725517/how-to-check-if-a-list-is-empty-in-python?noredirect=1&lq=1
truth-value-test,https://stackoverflow.com/questions/30147428/is-it-wrong-to-use-the-operator-when-comparing-to-an-empty-list?noredirect=1&lq=1
truth-value-test,https://stackoverflow.com/questions/64885489/what-is-the-quickest-way-to-check-if-a-list-is-empty-and-in-what-scenarios-woul?noredirect=1&lq=1
truth-value-test,https://stackoverflow.com/questions/49735639/in-python-why-is-explicit-bool-much-slower-than-implicit
truth-value-test,https://stackoverflow.com/questions/2020598/in-python-how-should-i-test-if-a-variable-is-none-true-or-false
truth-value-test,https://stackoverflow.com/questions/356217/should-i-use-isgood-or-isgood-false
truth-value-test,https://stackoverflow.com/questions/54107609/python-if-lena-is-not-0-vs-if-a-statements
truth-value-test,https://stackoverflow.com/questions/9850245/bool-value-of-a-list-in-python
truth-value-test,https://stackoverflow.com/questions/21837208/check-if-a-number-is-odd-or-even-in-python
truth-value-test,https://stackoverflow.com/questions/38742938/how-to-make-this-block-of-python-code-short-and-efficient
truth-value-test,https://stackoverflow.com/questions/3488470/why-is-there-no-explicit-emptyness-check-for-example-is-empty-in-python
truth-value-test,https://stackoverflow.com/questions/37103705/what-is-the-correct-way-to-check-for-false
truth-value-test,https://stackoverflow.com/questions/13140619/python-performance-of-conditional-evaluation
loop-else,https://stackoverflow.com/questions/3295938/else-clause-on-python-while-statement
loop-else,https://stackoverflow.com/questions/685758/pythonic-ways-to-use-else-in-a-for-loop
loop-else,https://stackoverflow.com/questions/9979970/why-does-python-use-else-after-for-and-while-loops
loop-else,https://stackoverflow.com/questions/44560181/why-does-this-else-block-work-yet-it-is-not-on-the-same-level-as-the-if-case?noredirect=1&lq=1
loop-else,https://stackoverflow.com/questions/23625189/what-is-the-use-of-else-after-for-loop-in-python?noredirect=1&lq=1
loop-else,https://stackoverflow.com/questions/134834/beginner-wondering-if-his-code-is-pythonic/135009#135009
loop-else,https://stackoverflow.com/questions/50324604/get-a-list-of-prime-numbers-in-python-3/50325085#50325085
ass-multi-tar,https://stackoverflow.com/questions/22278695/python-multiple-assignment-vs-individual-assignment-speed
ass-multi-tar,https://stackoverflow.com/questions/36729380/does-multiple-assignment-make-may-code-slower
ass-multi-tar,https://stackoverflow.com/questions/5182573/multiple-assignment-semantics?rq=1
ass-multi-tar,https://stackoverflow.com/questions/65377155/is-declaring-multiple-variables-on-one-line-faster-than-declaring-one-variable-o
ass-multi-tar,https://stackoverflow.com/questions/13806777/multiline-variable-assignment-speed-and-flux
ass-multi-tar,https://stackoverflow.com/questions/53306261/splitting-long-string-at-indices-in-parallel-in-python/53307616#53307616
ass-multi-tar,https://stackoverflow.com/questions/20849351/initialize-multiple-numpy-arrays-multiple-assignment-like-matlab-deal
ass-multi-tar,https://stackoverflow.com/questions/54633079/pandas-loc-to-multiple-assignment-causing-reasonable-slowdown
star-in-func-call,https://stackoverflow.com/questions/2921847/what-does-the-star-and-doublestar-operator-mean-in-a-function-call
star-in-func-call,https://stackoverflow.com/questions/22052780/how-to-use-a-map-with-args-to-unpack-a-tuple-in-a-python-function-call
star-in-func-call,https://stackoverflow.com/questions/31992424/performance-implications-of-unpacking-dictionaries-in-python
star-in-func-call,https://stackoverflow.com/questions/50504844/add-extra-items-in-list-comprehension/50504924#50504924
star-in-func-call,https://stackoverflow.com/questions/2965271/forced-naming-of-parameters-in-python/14298976#14298976
for-multi-tar,https://stackoverflow.com/questions/13024416/how-come-unpacking-is-faster-than-accessing-by-index
for-multi-tar,https://stackoverflow.com/questions/12218112/sum-the-second-value-of-each-tuple-in-a-list
for-multi-tar,https://stackoverflow.com/questions/23039485/for-loop-item-unpacking
for-multi-tar,https://stackoverflow.com/questions/60639481/how-can-i-iterate-over-a-large-list-quickly
for-multi-tar,https://stackoverflow.com/questions/40920803/how-to-speed-up-python-nested-loops-for-million-elements
